{
  "E.1: Swap ALL dirs": {
    "baseline": {
      "accuracy": 84.0,
      "mean_logit_diff": 2.525198911031087,
      "std_logit_diff": 1.4813834094305118,
      "mean_they_logit": 11.690513559977214,
      "std_they_logit": 1.2327779370011667,
      "n_samples": 150
    },
    "sigma_experiments": {
      "sigma_1.0": {
        "accuracy": 2.666666666666667,
        "mean_logit_diff": -1.0979215367635091,
        "std_logit_diff": 0.8262397626635575,
        "mean_they_logit": 7.290145581563314,
        "std_they_logit": 1.225681562055365,
        "n_samples": 150,
        "n_baseline_he": 79,
        "n_baseline_she": 12,
        "n_intervened_he": 4,
        "n_intervened_she": 83,
        "flipped_to_he": 0,
        "flipped_to_she": 66,
        "flip_to_he_pct": 0.0,
        "flip_to_she_pct": 83.54430379746836
      },
      "sigma_2.0": {
        "accuracy": 0.0,
        "mean_logit_diff": -3.815748504002889,
        "std_logit_diff": 0.6254036954423949,
        "mean_they_logit": 7.271566813786825,
        "std_they_logit": 1.2184867478884405,
        "n_samples": 150,
        "n_baseline_he": 79,
        "n_baseline_she": 12,
        "n_intervened_he": 0,
        "n_intervened_she": 120,
        "flipped_to_he": 0,
        "flipped_to_she": 79,
        "flip_to_he_pct": 0.0,
        "flip_to_she_pct": 100.0
      },
      "sigma_5.0": {
        "accuracy": 0.0,
        "mean_logit_diff": -11.796347983678181,
        "std_logit_diff": 2.503240941645133,
        "mean_they_logit": 7.163566379547119,
        "std_they_logit": 1.19744246727737,
        "n_samples": 150,
        "n_baseline_he": 79,
        "n_baseline_she": 12,
        "n_intervened_he": 0,
        "n_intervened_she": 144,
        "flipped_to_he": 0,
        "flipped_to_she": 79,
        "flip_to_he_pct": 0.0,
        "flip_to_she_pct": 100.0
      },
      "sigma_10.0": {
        "accuracy": 0.0,
        "mean_logit_diff": -23.96397181193034,
        "std_logit_diff": 5.515694746590941,
        "mean_they_logit": 6.839778232574463,
        "std_they_logit": 1.1723891914792943,
        "n_samples": 150,
        "n_baseline_he": 79,
        "n_baseline_she": 12,
        "n_intervened_he": 0,
        "n_intervened_she": 150,
        "flipped_to_he": 0,
        "flipped_to_she": 79,
        "flip_to_he_pct": 0.0,
        "flip_to_she_pct": 100.0
      },
      "sigma_15.0": {
        "accuracy": 0.0,
        "mean_logit_diff": -34.15860126495361,
        "std_logit_diff": 7.5000749476107185,
        "mean_they_logit": 6.406089539527893,
        "std_they_logit": 1.1682390856595752,
        "n_samples": 150,
        "n_baseline_he": 79,
        "n_baseline_she": 12,
        "n_intervened_he": 0,
        "n_intervened_she": 150,
        "flipped_to_he": 0,
        "flipped_to_she": 79,
        "flip_to_he_pct": 0.0,
        "flip_to_she_pct": 100.0
      },
      "sigma_20.0": {
        "accuracy": 0.0,
        "mean_logit_diff": -42.31380579630534,
        "std_logit_diff": 8.568420502389055,
        "mean_they_logit": 5.934688730239868,
        "std_they_logit": 1.18016499530117,
        "n_samples": 150,
        "n_baseline_he": 79,
        "n_baseline_she": 12,
        "n_intervened_he": 0,
        "n_intervened_she": 150,
        "flipped_to_he": 0,
        "flipped_to_she": 79,
        "flip_to_he_pct": 0.0,
        "flip_to_she_pct": 100.0
      }
    }
  },
  "E.2: Swap ALL dirs": {
    "baseline": {
      "accuracy": 70.51282051282051,
      "mean_logit_diff": 2.8397258795224705,
      "std_logit_diff": 2.1231706507952954,
      "mean_they_logit": 11.886388142903646,
      "std_they_logit": 1.3983369165577135,
      "n_samples": 156
    },
    "sigma_experiments": {
      "sigma_1.0": {
        "accuracy": 40.38461538461539,
        "mean_logit_diff": 1.009132797901447,
        "std_logit_diff": 0.9585369973066672,
        "mean_they_logit": 7.515388516279367,
        "std_they_logit": 1.3883982795708938,
        "n_samples": 156,
        "n_baseline_he": 6,
        "n_baseline_she": 106,
        "n_intervened_he": 12,
        "n_intervened_she": 63,
        "flipped_to_he": 5,
        "flipped_to_she": 0,
        "flip_to_he_pct": 4.716981132075472,
        "flip_to_she_pct": 0.0
      },
      "sigma_2.0": {
        "accuracy": 0.0,
        "mean_logit_diff": -1.7294090222089717,
        "std_logit_diff": 0.6092458909813157,
        "mean_they_logit": 7.52465457488329,
        "std_they_logit": 1.3781215700717855,
        "n_samples": 156,
        "n_baseline_he": 6,
        "n_baseline_she": 106,
        "n_intervened_he": 78,
        "n_intervened_she": 0,
        "flipped_to_he": 71,
        "flipped_to_she": 0,
        "flip_to_he_pct": 66.98113207547169,
        "flip_to_she_pct": 0.0
      },
      "sigma_5.0": {
        "accuracy": 1.282051282051282,
        "mean_logit_diff": -9.86558459049616,
        "std_logit_diff": 4.076113627122989,
        "mean_they_logit": 7.488113718155103,
        "std_they_logit": 1.3454269922169755,
        "n_samples": 156,
        "n_baseline_he": 6,
        "n_baseline_she": 106,
        "n_intervened_he": 128,
        "n_intervened_she": 2,
        "flipped_to_he": 106,
        "flipped_to_she": 2,
        "flip_to_he_pct": 100.0,
        "flip_to_she_pct": 33.33333333333333
      },
      "sigma_10.0": {
        "accuracy": 1.282051282051282,
        "mean_logit_diff": -22.36729370019375,
        "std_logit_diff": 9.310030256155565,
        "mean_they_logit": 7.238588806910393,
        "std_they_logit": 1.2993965017682156,
        "n_samples": 156,
        "n_baseline_he": 6,
        "n_baseline_she": 106,
        "n_intervened_he": 150,
        "n_intervened_she": 2,
        "flipped_to_he": 106,
        "flipped_to_she": 2,
        "flip_to_he_pct": 100.0,
        "flip_to_she_pct": 33.33333333333333
      },
      "sigma_15.0": {
        "accuracy": 1.282051282051282,
        "mean_logit_diff": -32.720268084452705,
        "std_logit_diff": 13.042299322260934,
        "mean_they_logit": 6.837108676250164,
        "std_they_logit": 1.2928327821616163,
        "n_samples": 156,
        "n_baseline_he": 6,
        "n_baseline_she": 106,
        "n_intervened_he": 151,
        "n_intervened_she": 2,
        "flipped_to_he": 106,
        "flipped_to_she": 2,
        "flip_to_he_pct": 100.0,
        "flip_to_she_pct": 33.33333333333333
      },
      "sigma_20.0": {
        "accuracy": 1.282051282051282,
        "mean_logit_diff": -40.81568109072172,
        "std_logit_diff": 15.437070553276213,
        "mean_they_logit": 6.378460373633947,
        "std_they_logit": 1.3254730259100664,
        "n_samples": 156,
        "n_baseline_he": 6,
        "n_baseline_she": 106,
        "n_intervened_he": 151,
        "n_intervened_she": 2,
        "flipped_to_he": 106,
        "flipped_to_she": 2,
        "flip_to_he_pct": 100.0,
        "flip_to_she_pct": 33.33333333333333
      }
    }
  },
  "E.3: Swap Masc. only": {
    "baseline": {
      "accuracy": 84.0,
      "mean_logit_diff": 2.525198911031087,
      "std_logit_diff": 1.4813834094305118,
      "mean_they_logit": 11.690513559977214,
      "std_they_logit": 1.2327779370011667,
      "n_samples": 150
    },
    "sigma_experiments": {
      "sigma_1.0": {
        "accuracy": 44.666666666666664,
        "mean_logit_diff": 0.5961009979248046,
        "std_logit_diff": 1.215923202058299,
        "mean_they_logit": 7.221244392395019,
        "std_they_logit": 1.2350832964220673,
        "n_samples": 150,
        "n_baseline_he": 79,
        "n_baseline_she": 12,
        "n_intervened_he": 67,
        "n_intervened_she": 21,
        "flipped_to_he": 0,
        "flipped_to_she": 7,
        "flip_to_he_pct": 0.0,
        "flip_to_she_pct": 8.860759493670885
      },
      "sigma_2.0": {
        "accuracy": 25.333333333333336,
        "mean_logit_diff": -0.4371309471130371,
        "std_logit_diff": 0.9695081741615003,
        "mean_they_logit": 7.1413003381093345,